[
	{
		"model": "job_me.category",
		"pk": 1,
		"fields": {
			"name": "Backend"
		}
	},
	{
		"model": "job_me.category",
		"pk": 2,
		"fields": {
			"name": "Frontend"
		}
	},
	{
		"model": "job_me.category",
		"pk": 3,
		"fields": {
			"name": "Database"
		}
	},
	{
		"model": "job_me.category",
		"pk": 4,
		"fields": {
			"name": "Other Technologies"
		}
	},
	{
		"model": "job_me.technology",
		"pk": 1,
		"fields": {
			"name": "Django",
			"description": "Python web framework",
			"category": 1
		}
	},
	{
		"model": "job_me.technology",
		"pk": 2,
		"fields": {
			"name": "React",
			"description": "JavaScript UI library",
			"category": 2
		}
	},
	{
		"model": "job_me.technology",
		"pk": 3,
		"fields": {
			"name": "MySQL",
			"description": "Relational database",
			"category": 3
		}
	},
	{
		"model": "job_me.technology",
		"pk": 4,
		"fields": {
			"name": "Docker",
			"description": "Containerization platform",
			"category": 4
		}
	},
	{
		"model": "job_me.module",
		"pk": 1,
		"fields": {
			"title": "Models",
			"technology": 1
		}
	},
	{
		"model": "job_me.module",
		"pk": 2,
		"fields": {
			"title": "Components",
			"technology": 2
		}
	},
	{
		"model": "job_me.module",
		"pk": 3,
		"fields": {
			"title": "SQL Queries",
			"technology": 3
		}
	},
	{
		"model": "job_me.module",
		"pk": 4,
		"fields": {
			"title": "Containers",
			"technology": 4
		}
	},
	{
		"model": "job_me.topic",
		"pk": 1,
		"fields": {
			"title": "Creating Models",
			"module": 1,
			"content": "This topic covers how to create Django models."
		}
	},
	{
		"model": "job_me.topic",
		"pk": 2,
		"fields": {
			"title": "Functional Components",
			"module": 2,
			"content": "Basics of functional components in React."
		}
	},
	{
		"model": "job_me.topic",
		"pk": 3,
		"fields": {
			"title": "Basic SQL Queries",
			"module": 3,
			"content": "Understanding basic SQL query syntax in MySQL."
		}
	},
	{
		"model": "job_me.topic",
		"pk": 4,
		"fields": {
			"title": "Docker Basics",
			"module": 4,
			"content": "Introduction to Docker containers."
		}
	},
	{
		"model": "job_me.question",
		"pk": 1,
		"fields": {
			"title": "What is a Django model?",
			"topic": 1,
			"content": "Explain the purpose of a model in Django.",
			"difficulty": "noob",
			"created_at": "2024-10-15T10:21:04.902361",
			"updated_at": "2024-10-15T10:21:04.902370"
		}
	},
	{
		"model": "job_me.question",
		"pk": 2,
		"fields": {
			"title": "How to use ForeignKey in Django?",
			"topic": 1,
			"content": "Describe the use of ForeignKey in Django models.",
			"difficulty": "junior",
			"created_at": "2024-10-15T10:21:04.902372",
			"updated_at": "2024-10-15T10:21:04.902374"
		}
	},
	{
		"model": "job_me.question",
		"pk": 3,
		"fields": {
			"title": "What is a functional component in React?",
			"topic": 2,
			"content": "Explain the concept of functional components in React.",
			"difficulty": "noob",
			"created_at": "2024-10-15T10:21:04.902376",
			"updated_at": "2024-10-15T10:21:04.902377"
		}
	},
	{
		"model": "job_me.question",
		"pk": 4,
		"fields": {
			"title": "How to manage state in React?",
			"topic": 2,
			"content": "Describe how to manage state using useState in React.",
			"difficulty": "junior",
			"created_at": "2024-10-15T10:21:04.902379",
			"updated_at": "2024-10-15T10:21:04.902380"
		}
	},
	{
		"model": "job_me.question",
		"pk": 5,
		"fields": {
			"title": "What is a SQL SELECT statement?",
			"topic": 3,
			"content": "Describe the purpose and syntax of a SELECT statement in SQL.",
			"difficulty": "noob",
			"created_at": "2024-10-15T10:21:04.902382",
			"updated_at": "2024-10-15T10:21:04.902383"
		}
	},
	{
		"model": "job_me.question",
		"pk": 6,
		"fields": {
			"title": "How to filter data using SQL WHERE clause?",
			"topic": 3,
			"content": "Explain how to filter data in SQL using WHERE clause.",
			"difficulty": "junior",
			"created_at": "2024-10-15T10:21:04.902385",
			"updated_at": "2024-10-15T10:21:04.902387"
		}
	},
	{
		"model": "job_me.question",
		"pk": 7,
		"fields": {
			"title": "What is Docker?",
			"topic": 4,
			"content": "Explain the purpose and usage of Docker.",
			"difficulty": "noob",
			"created_at": "2024-10-15T10:21:04.902389",
			"updated_at": "2024-10-15T10:21:04.902390"
		}
	},
	{
		"model": "job_me.question",
		"pk": 8,
		"fields": {
			"title": "How to create a Docker container?",
			"topic": 4,
			"content": "Explain the steps involved in creating and running a Docker container.",
			"difficulty": "junior",
			"created_at": "2024-10-15T10:21:04.902393",
			"updated_at": "2024-10-15T10:21:04.902395"
		}
	},
	{
		"model": "job_me.question",
		"pk": 9,
		"fields": {
			"title": "Sample Question 9",
			"topic": 2,
			"content": "Description of sample question 9.",
			"difficulty": "junior",
			"created_at": "2024-10-15T10:21:04.902497",
			"updated_at": "2024-10-15T10:21:04.902501"
		}
	},
	{
		"model": "job_me.question",
		"pk": 10,
		"fields": {
			"title": "Sample Question 10",
			"topic": 3,
			"content": "Description of sample question 10.",
			"difficulty": "pro",
			"created_at": "2024-10-15T10:21:04.902507",
			"updated_at": "2024-10-15T10:21:04.902510"
		}
	},
	{
		"model": "job_me.question",
		"pk": 11,
		"fields": {
			"title": "Sample Question 11",
			"topic": 4,
			"content": "Description of sample question 11.",
			"difficulty": "ninja",
			"created_at": "2024-10-15T10:21:04.902515",
			"updated_at": "2024-10-15T10:21:04.902517"
		}
	},
	{
		"model": "job_me.question",
		"pk": 12,
		"fields": {
			"title": "Sample Question 12",
			"topic": 1,
			"content": "Description of sample question 12.",
			"difficulty": "noob",
			"created_at": "2024-10-15T10:21:04.902520",
			"updated_at": "2024-10-15T10:21:04.902522"
		}
	},
	{
		"model": "job_me.question",
		"pk": 13,
		"fields": {
			"title": "Sample Question 13",
			"topic": 2,
			"content": "Description of sample question 13.",
			"difficulty": "junior",
			"created_at": "2024-10-15T10:21:04.902524",
			"updated_at": "2024-10-15T10:21:04.902526"
		}
	},
	{
		"model": "job_me.question",
		"pk": 14,
		"fields": {
			"title": "Sample Question 14",
			"topic": 3,
			"content": "Description of sample question 14.",
			"difficulty": "pro",
			"created_at": "2024-10-15T10:21:04.902529",
			"updated_at": "2024-10-15T10:21:04.902530"
		}
	},
	{
		"model": "job_me.question",
		"pk": 15,
		"fields": {
			"title": "Sample Question 15",
			"topic": 4,
			"content": "Description of sample question 15.",
			"difficulty": "ninja",
			"created_at": "2024-10-15T10:21:04.902533",
			"updated_at": "2024-10-15T10:21:04.902535"
		}
	},
	{
		"model": "job_me.question",
		"pk": 16,
		"fields": {
			"title": "Sample Question 16",
			"topic": 1,
			"content": "Description of sample question 16.",
			"difficulty": "noob",
			"created_at": "2024-10-15T10:21:04.902539",
			"updated_at": "2024-10-15T10:21:04.902541"
		}
	},
	{
		"model": "job_me.question",
		"pk": 17,
		"fields": {
			"title": "Sample Question 17",
			"topic": 2,
			"content": "Description of sample question 17.",
			"difficulty": "junior",
			"created_at": "2024-10-15T10:21:04.902544",
			"updated_at": "2024-10-15T10:21:04.902545"
		}
	},
	{
		"model": "job_me.question",
		"pk": 18,
		"fields": {
			"title": "Sample Question 18",
			"topic": 3,
			"content": "Description of sample question 18.",
			"difficulty": "pro",
			"created_at": "2024-10-15T10:21:04.902548",
			"updated_at": "2024-10-15T10:21:04.902550"
		}
	},
	{
		"model": "job_me.question",
		"pk": 19,
		"fields": {
			"title": "Sample Question 19",
			"topic": 4,
			"content": "Description of sample question 19.",
			"difficulty": "ninja",
			"created_at": "2024-10-15T10:21:04.902553",
			"updated_at": "2024-10-15T10:21:04.902554"
		}
	},
	{
		"model": "job_me.question",
		"pk": 20,
		"fields": {
			"title": "Sample Question 20",
			"topic": 1,
			"content": "Description of sample question 20.",
			"difficulty": "noob",
			"created_at": "2024-10-15T10:21:04.902573",
			"updated_at": "2024-10-15T10:21:04.902574"
		}
	},
	{
		"model": "job_me.question",
		"pk": 21,
		"fields": {
			"title": "Sample Question 21",
			"topic": 2,
			"content": "Description of sample question 21.",
			"difficulty": "junior",
			"created_at": "2024-10-15T10:21:04.902577",
			"updated_at": "2024-10-15T10:21:04.902578"
		}
	},
	{
		"model": "job_me.question",
		"pk": 22,
		"fields": {
			"title": "Sample Question 22",
			"topic": 3,
			"content": "Description of sample question 22.",
			"difficulty": "pro",
			"created_at": "2024-10-15T10:21:04.902581",
			"updated_at": "2024-10-15T10:21:04.902583"
		}
	},
	{
		"model": "job_me.question",
		"pk": 23,
		"fields": {
			"title": "Sample Question 23",
			"topic": 4,
			"content": "Description of sample question 23.",
			"difficulty": "ninja",
			"created_at": "2024-10-15T10:21:04.902585",
			"updated_at": "2024-10-15T10:21:04.902587"
		}
	},
	{
		"model": "job_me.question",
		"pk": 24,
		"fields": {
			"title": "Sample Question 24",
			"topic": 1,
			"content": "Description of sample question 24.",
			"difficulty": "noob",
			"created_at": "2024-10-15T10:21:04.902589",
			"updated_at": "2024-10-15T10:21:04.902591"
		}
	},
	{
		"model": "job_me.question",
		"pk": 25,
		"fields": {
			"title": "Sample Question 25",
			"topic": 2,
			"content": "Description of sample question 25.",
			"difficulty": "junior",
			"created_at": "2024-10-15T10:21:04.902593",
			"updated_at": "2024-10-15T10:21:04.902594"
		}
	},
	{
		"model": "job_me.question",
		"pk": 26,
		"fields": {
			"title": "Sample Question 26",
			"topic": 3,
			"content": "Description of sample question 26.",
			"difficulty": "pro",
			"created_at": "2024-10-15T10:21:04.902608",
			"updated_at": "2024-10-15T10:21:04.902609"
		}
	},
	{
		"model": "job_me.question",
		"pk": 27,
		"fields": {
			"title": "Sample Question 27",
			"topic": 4,
			"content": "Description of sample question 27.",
			"difficulty": "ninja",
			"created_at": "2024-10-15T10:21:04.902612",
			"updated_at": "2024-10-15T10:21:04.902613"
		}
	},
	{
		"model": "job_me.question",
		"pk": 28,
		"fields": {
			"title": "Sample Question 28",
			"topic": 1,
			"content": "Description of sample question 28.",
			"difficulty": "noob",
			"created_at": "2024-10-15T10:21:04.902616",
			"updated_at": "2024-10-15T10:21:04.902617"
		}
	},
	{
		"model": "job_me.question",
		"pk": 29,
		"fields": {
			"title": "Sample Question 29",
			"topic": 2,
			"content": "Description of sample question 29.",
			"difficulty": "junior",
			"created_at": "2024-10-15T10:21:04.902620",
			"updated_at": "2024-10-15T10:21:04.902622"
		}
	},
	{
		"model": "job_me.question",
		"pk": 30,
		"fields": {
			"title": "Sample Question 30",
			"topic": 3,
			"content": "Description of sample question 30.",
			"difficulty": "pro",
			"created_at": "2024-10-15T10:21:04.902627",
			"updated_at": "2024-10-15T10:21:04.902629"
		}
	},
	{
		"model": "job_me.question",
		"pk": 31,
		"fields": {
			"title": "Sample Question 31",
			"topic": 4,
			"content": "Description of sample question 31.",
			"difficulty": "ninja",
			"created_at": "2024-10-15T10:21:04.902633",
			"updated_at": "2024-10-15T10:21:04.902635"
		}
	},
	{
		"model": "job_me.question",
		"pk": 32,
		"fields": {
			"title": "Sample Question 32",
			"topic": 1,
			"content": "Description of sample question 32.",
			"difficulty": "noob",
			"created_at": "2024-10-15T10:21:04.902640",
			"updated_at": "2024-10-15T10:21:04.902642"
		}
	},
	{
		"model": "job_me.question",
		"pk": 33,
		"fields": {
			"title": "Sample Question 33",
			"topic": 2,
			"content": "Description of sample question 33.",
			"difficulty": "junior",
			"created_at": "2024-10-15T10:21:04.902646",
			"updated_at": "2024-10-15T10:21:04.902649"
		}
	},
	{
		"model": "job_me.question",
		"pk": 34,
		"fields": {
			"title": "Sample Question 34",
			"topic": 3,
			"content": "Description of sample question 34.",
			"difficulty": "pro",
			"created_at": "2024-10-15T10:21:04.902653",
			"updated_at": "2024-10-15T10:21:04.902656"
		}
	},
	{
		"model": "job_me.question",
		"pk": 35,
		"fields": {
			"title": "Sample Question 35",
			"topic": 4,
			"content": "Description of sample question 35.",
			"difficulty": "ninja",
			"created_at": "2024-10-15T10:21:04.902660",
			"updated_at": "2024-10-15T10:21:04.902662"
		}
	},
	{
		"model": "job_me.question",
		"pk": 36,
		"fields": {
			"title": "Sample Question 36",
			"topic": 1,
			"content": "Description of sample question 36.",
			"difficulty": "noob",
			"created_at": "2024-10-15T10:21:04.902666",
			"updated_at": "2024-10-15T10:21:04.902668"
		}
	},
	{
		"model": "job_me.question",
		"pk": 37,
		"fields": {
			"title": "Sample Question 37",
			"topic": 2,
			"content": "Description of sample question 37.",
			"difficulty": "junior",
			"created_at": "2024-10-15T10:21:04.902671",
			"updated_at": "2024-10-15T10:21:04.902672"
		}
	},
	{
		"model": "job_me.question",
		"pk": 38,
		"fields": {
			"title": "Sample Question 38",
			"topic": 3,
			"content": "Description of sample question 38.",
			"difficulty": "pro",
			"created_at": "2024-10-15T10:21:04.902675",
			"updated_at": "2024-10-15T10:21:04.902676"
		}
	},
	{
		"model": "job_me.question",
		"pk": 39,
		"fields": {
			"title": "Sample Question 39",
			"topic": 4,
			"content": "Description of sample question 39.",
			"difficulty": "ninja",
			"created_at": "2024-10-15T10:21:04.902679",
			"updated_at": "2024-10-15T10:21:04.902680"
		}
	},
	{
		"model": "job_me.question",
		"pk": 40,
		"fields": {
			"title": "Sample Question 40",
			"topic": 1,
			"content": "Description of sample question 40.",
			"difficulty": "noob",
			"created_at": "2024-10-15T10:21:04.902683",
			"updated_at": "2024-10-15T10:21:04.902684"
		}
	},
	{
		"model": "job_me.question",
		"pk": 41,
		"fields": {
			"title": "Sample Question 41",
			"topic": 2,
			"content": "Description of sample question 41.",
			"difficulty": "junior",
			"created_at": "2024-10-15T10:21:04.902687",
			"updated_at": "2024-10-15T10:21:04.902688"
		}
	},
	{
		"model": "job_me.question",
		"pk": 42,
		"fields": {
			"title": "Sample Question 42",
			"topic": 3,
			"content": "Description of sample question 42.",
			"difficulty": "pro",
			"created_at": "2024-10-15T10:21:04.902691",
			"updated_at": "2024-10-15T10:21:04.902692"
		}
	},
	{
		"model": "job_me.question",
		"pk": 43,
		"fields": {
			"title": "Sample Question 43",
			"topic": 4,
			"content": "Description of sample question 43.",
			"difficulty": "ninja",
			"created_at": "2024-10-15T10:21:04.902695",
			"updated_at": "2024-10-15T10:21:04.902696"
		}
	},
	{
		"model": "job_me.question",
		"pk": 44,
		"fields": {
			"title": "Sample Question 44",
			"topic": 1,
			"content": "Description of sample question 44.",
			"difficulty": "noob",
			"created_at": "2024-10-15T10:21:04.902699",
			"updated_at": "2024-10-15T10:21:04.902700"
		}
	},
	{
		"model": "job_me.question",
		"pk": 45,
		"fields": {
			"title": "Sample Question 45",
			"topic": 2,
			"content": "Description of sample question 45.",
			"difficulty": "junior",
			"created_at": "2024-10-15T10:21:04.902704",
			"updated_at": "2024-10-15T10:21:04.902705"
		}
	},
	{
		"model": "job_me.question",
		"pk": 46,
		"fields": {
			"title": "Sample Question 46",
			"topic": 3,
			"content": "Description of sample question 46.",
			"difficulty": "pro",
			"created_at": "2024-10-15T10:21:04.902709",
			"updated_at": "2024-10-15T10:21:04.902711"
		}
	},
	{
		"model": "job_me.question",
		"pk": 47,
		"fields": {
			"title": "Sample Question 47",
			"topic": 4,
			"content": "Description of sample question 47.",
			"difficulty": "ninja",
			"created_at": "2024-10-15T10:21:04.902716",
			"updated_at": "2024-10-15T10:21:04.902718"
		}
	},
	{
		"model": "job_me.question",
		"pk": 48,
		"fields": {
			"title": "Sample Question 48",
			"topic": 1,
			"content": "Description of sample question 48.",
			"difficulty": "noob",
			"created_at": "2024-10-15T10:21:04.902722",
			"updated_at": "2024-10-15T10:21:04.902724"
		}
	},
	{
		"model": "job_me.question",
		"pk": 49,
		"fields": {
			"title": "Sample Question 49",
			"topic": 2,
			"content": "Description of sample question 49.",
			"difficulty": "junior",
			"created_at": "2024-10-15T10:21:04.902728",
			"updated_at": "2024-10-15T10:21:04.902730"
		}
	},
	{
		"model": "job_me.question",
		"pk": 50,
		"fields": {
			"title": "Sample Question 50",
			"topic": 3,
			"content": "Description of sample question 50.",
			"difficulty": "pro",
			"created_at": "2024-10-15T10:21:04.902735",
			"updated_at": "2024-10-15T10:21:04.902737"
		}
	},
	{
		"model": "job_me.question",
		"pk": 51,
		"fields": {
			"title": "Sample Question 51",
			"topic": 4,
			"content": "Description of sample question 51.",
			"difficulty": "ninja",
			"created_at": "2024-10-15T10:21:04.902742",
			"updated_at": "2024-10-15T10:21:04.902744"
		}
	},
	{
		"model": "job_me.question",
		"pk": 52,
		"fields": {
			"title": "Sample Question 52",
			"topic": 1,
			"content": "Description of sample question 52.",
			"difficulty": "noob",
			"created_at": "2024-10-15T10:21:04.902747",
			"updated_at": "2024-10-15T10:21:04.902750"
		}
	},
	{
		"model": "job_me.question",
		"pk": 53,
		"fields": {
			"title": "Sample Question 53",
			"topic": 2,
			"content": "Description of sample question 53.",
			"difficulty": "junior",
			"created_at": "2024-10-15T10:21:04.902754",
			"updated_at": "2024-10-15T10:21:04.902756"
		}
	},
	{
		"model": "job_me.question",
		"pk": 54,
		"fields": {
			"title": "Sample Question 54",
			"topic": 3,
			"content": "Description of sample question 54.",
			"difficulty": "pro",
			"created_at": "2024-10-15T10:21:04.902760",
			"updated_at": "2024-10-15T10:21:04.902762"
		}
	},
	{
		"model": "job_me.question",
		"pk": 55,
		"fields": {
			"title": "Sample Question 55",
			"topic": 4,
			"content": "Description of sample question 55.",
			"difficulty": "ninja",
			"created_at": "2024-10-15T10:21:04.902766",
			"updated_at": "2024-10-15T10:21:04.902769"
		}
	},
	{
		"model": "job_me.question",
		"pk": 56,
		"fields": {
			"title": "Sample Question 56",
			"topic": 1,
			"content": "Description of sample question 56.",
			"difficulty": "noob",
			"created_at": "2024-10-15T10:21:04.902773",
			"updated_at": "2024-10-15T10:21:04.902776"
		}
	},
	{
		"model": "job_me.question",
		"pk": 57,
		"fields": {
			"title": "Sample Question 57",
			"topic": 2,
			"content": "Description of sample question 57.",
			"difficulty": "junior",
			"created_at": "2024-10-15T10:21:04.902781",
			"updated_at": "2024-10-15T10:21:04.902782"
		}
	},
	{
		"model": "job_me.question",
		"pk": 58,
		"fields": {
			"title": "Sample Question 58",
			"topic": 3,
			"content": "Description of sample question 58.",
			"difficulty": "pro",
			"created_at": "2024-10-15T10:21:04.902787",
			"updated_at": "2024-10-15T10:21:04.902788"
		}
	},
	{
		"model": "job_me.question",
		"pk": 59,
		"fields": {
			"title": "Sample Question 59",
			"topic": 4,
			"content": "Description of sample question 59.",
			"difficulty": "ninja",
			"created_at": "2024-10-15T10:21:04.902791",
			"updated_at": "2024-10-15T10:21:04.902793"
		}
	},
	{
		"model": "job_me.question",
		"pk": 60,
		"fields": {
			"title": "Sample Question 60",
			"topic": 1,
			"content": "Description of sample question 60.",
			"difficulty": "noob",
			"created_at": "2024-10-15T10:21:04.902795",
			"updated_at": "2024-10-15T10:21:04.902797"
		}
	},
	{
		"model": "job_me.question",
		"pk": 61,
		"fields": {
			"title": "Sample Question 61",
			"topic": 2,
			"content": "Description of sample question 61.",
			"difficulty": "junior",
			"created_at": "2024-10-15T10:21:04.902800",
			"updated_at": "2024-10-15T10:21:04.902801"
		}
	},
	{
		"model": "job_me.question",
		"pk": 62,
		"fields": {
			"title": "Sample Question 62",
			"topic": 3,
			"content": "Description of sample question 62.",
			"difficulty": "pro",
			"created_at": "2024-10-15T10:21:04.902804",
			"updated_at": "2024-10-15T10:21:04.902805"
		}
	},
	{
		"model": "job_me.question",
		"pk": 63,
		"fields": {
			"title": "Sample Question 63",
			"topic": 4,
			"content": "Description of sample question 63.",
			"difficulty": "ninja",
			"created_at": "2024-10-15T10:21:04.902808",
			"updated_at": "2024-10-15T10:21:04.902809"
		}
	},
	{
		"model": "job_me.question",
		"pk": 64,
		"fields": {
			"title": "Sample Question 64",
			"topic": 1,
			"content": "Description of sample question 64.",
			"difficulty": "noob",
			"created_at": "2024-10-15T10:21:04.902812",
			"updated_at": "2024-10-15T10:21:04.902813"
		}
	},
	{
		"model": "job_me.question",
		"pk": 65,
		"fields": {
			"title": "Sample Question 65",
			"topic": 2,
			"content": "Description of sample question 65.",
			"difficulty": "junior",
			"created_at": "2024-10-15T10:21:04.902816",
			"updated_at": "2024-10-15T10:21:04.902817"
		}
	},
	{
		"model": "job_me.question",
		"pk": 66,
		"fields": {
			"title": "Sample Question 66",
			"topic": 3,
			"content": "Description of sample question 66.",
			"difficulty": "pro",
			"created_at": "2024-10-15T10:21:04.902820",
			"updated_at": "2024-10-15T10:21:04.902821"
		}
	},
	{
		"model": "job_me.question",
		"pk": 67,
		"fields": {
			"title": "Sample Question 67",
			"topic": 4,
			"content": "Description of sample question 67.",
			"difficulty": "ninja",
			"created_at": "2024-10-15T10:21:04.902824",
			"updated_at": "2024-10-15T10:21:04.902825"
		}
	},
	{
		"model": "job_me.question",
		"pk": 68,
		"fields": {
			"title": "Sample Question 68",
			"topic": 1,
			"content": "Description of sample question 68.",
			"difficulty": "noob",
			"created_at": "2024-10-15T10:21:04.902827",
			"updated_at": "2024-10-15T10:21:04.902829"
		}
	},
	{
		"model": "job_me.question",
		"pk": 69,
		"fields": {
			"title": "Sample Question 69",
			"topic": 2,
			"content": "Description of sample question 69.",
			"difficulty": "junior",
			"created_at": "2024-10-15T10:21:04.902831",
			"updated_at": "2024-10-15T10:21:04.902833"
		}
	},
	{
		"model": "job_me.question",
		"pk": 70,
		"fields": {
			"title": "Sample Question 70",
			"topic": 3,
			"content": "Description of sample question 70.",
			"difficulty": "pro",
			"created_at": "2024-10-15T10:21:04.902835",
			"updated_at": "2024-10-15T10:21:04.902837"
		}
	},
	{
		"model": "job_me.question",
		"pk": 71,
		"fields": {
			"title": "Sample Question 71",
			"topic": 4,
			"content": "Description of sample question 71.",
			"difficulty": "ninja",
			"created_at": "2024-10-15T10:21:04.902839",
			"updated_at": "2024-10-15T10:21:04.902840"
		}
	},
	{
		"model": "job_me.question",
		"pk": 72,
		"fields": {
			"title": "Sample Question 72",
			"topic": 1,
			"content": "Description of sample question 72.",
			"difficulty": "noob",
			"created_at": "2024-10-15T10:21:04.902843",
			"updated_at": "2024-10-15T10:21:04.902845"
		}
	},
	{
		"model": "job_me.question",
		"pk": 73,
		"fields": {
			"title": "Sample Question 73",
			"topic": 2,
			"content": "Description of sample question 73.",
			"difficulty": "junior",
			"created_at": "2024-10-15T10:21:04.902847",
			"updated_at": "2024-10-15T10:21:04.902849"
		}
	},
	{
		"model": "job_me.question",
		"pk": 74,
		"fields": {
			"title": "Sample Question 74",
			"topic": 3,
			"content": "Description of sample question 74.",
			"difficulty": "pro",
			"created_at": "2024-10-15T10:21:04.902851",
			"updated_at": "2024-10-15T10:21:04.902852"
		}
	},
	{
		"model": "job_me.question",
		"pk": 75,
		"fields": {
			"title": "Sample Question 75",
			"topic": 4,
			"content": "Description of sample question 75.",
			"difficulty": "ninja",
			"created_at": "2024-10-15T10:21:04.902855",
			"updated_at": "2024-10-15T10:21:04.902856"
		}
	},
	{
		"model": "job_me.question",
		"pk": 76,
		"fields": {
			"title": "Sample Question 76",
			"topic": 1,
			"content": "Description of sample question 76.",
			"difficulty": "noob",
			"created_at": "2024-10-15T10:21:04.902859",
			"updated_at": "2024-10-15T10:21:04.902860"
		}
	},
	{
		"model": "job_me.question",
		"pk": 77,
		"fields": {
			"title": "Sample Question 77",
			"topic": 2,
			"content": "Description of sample question 77.",
			"difficulty": "junior",
			"created_at": "2024-10-15T10:21:04.902862",
			"updated_at": "2024-10-15T10:21:04.902864"
		}
	},
	{
		"model": "job_me.question",
		"pk": 78,
		"fields": {
			"title": "Sample Question 78",
			"topic": 3,
			"content": "Description of sample question 78.",
			"difficulty": "pro",
			"created_at": "2024-10-15T10:21:04.902866",
			"updated_at": "2024-10-15T10:21:04.902868"
		}
	},
	{
		"model": "job_me.question",
		"pk": 79,
		"fields": {
			"title": "Sample Question 79",
			"topic": 4,
			"content": "Description of sample question 79.",
			"difficulty": "ninja",
			"created_at": "2024-10-15T10:21:04.902870",
			"updated_at": "2024-10-15T10:21:04.902871"
		}
	},
	{
		"model": "job_me.question",
		"pk": 80,
		"fields": {
			"title": "Sample Question 80",
			"topic": 1,
			"content": "Description of sample question 80.",
			"difficulty": "noob",
			"created_at": "2024-10-15T10:21:04.902874",
			"updated_at": "2024-10-15T10:21:04.902875"
		}
	},
	{
		"model": "job_me.question",
		"pk": 81,
		"fields": {
			"title": "Sample Question 81",
			"topic": 2,
			"content": "Description of sample question 81.",
			"difficulty": "junior",
			"created_at": "2024-10-15T10:21:04.902878",
			"updated_at": "2024-10-15T10:21:04.902879"
		}
	},
	{
		"model": "job_me.question",
		"pk": 82,
		"fields": {
			"title": "Sample Question 82",
			"topic": 3,
			"content": "Description of sample question 82.",
			"difficulty": "pro",
			"created_at": "2024-10-15T10:21:04.902881",
			"updated_at": "2024-10-15T10:21:04.902883"
		}
	},
	{
		"model": "job_me.question",
		"pk": 83,
		"fields": {
			"title": "Sample Question 83",
			"topic": 4,
			"content": "Description of sample question 83.",
			"difficulty": "ninja",
			"created_at": "2024-10-15T10:21:04.902885",
			"updated_at": "2024-10-15T10:21:04.902887"
		}
	},
	{
		"model": "job_me.question",
		"pk": 84,
		"fields": {
			"title": "Sample Question 84",
			"topic": 1,
			"content": "Description of sample question 84.",
			"difficulty": "noob",
			"created_at": "2024-10-15T10:21:04.902889",
			"updated_at": "2024-10-15T10:21:04.902890"
		}
	},
	{
		"model": "job_me.question",
		"pk": 85,
		"fields": {
			"title": "Sample Question 85",
			"topic": 2,
			"content": "Description of sample question 85.",
			"difficulty": "junior",
			"created_at": "2024-10-15T10:21:04.902893",
			"updated_at": "2024-10-15T10:21:04.902894"
		}
	},
	{
		"model": "job_me.question",
		"pk": 86,
		"fields": {
			"title": "Sample Question 86",
			"topic": 3,
			"content": "Description of sample question 86.",
			"difficulty": "pro",
			"created_at": "2024-10-15T10:21:04.902897",
			"updated_at": "2024-10-15T10:21:04.902898"
		}
	},
	{
		"model": "job_me.question",
		"pk": 87,
		"fields": {
			"title": "Sample Question 87",
			"topic": 4,
			"content": "Description of sample question 87.",
			"difficulty": "ninja",
			"created_at": "2024-10-15T10:21:04.902900",
			"updated_at": "2024-10-15T10:21:04.902902"
		}
	},
	{
		"model": "job_me.question",
		"pk": 88,
		"fields": {
			"title": "Sample Question 88",
			"topic": 1,
			"content": "Description of sample question 88.",
			"difficulty": "noob",
			"created_at": "2024-10-15T10:21:04.902904",
			"updated_at": "2024-10-15T10:21:04.902906"
		}
	},
	{
		"model": "job_me.question",
		"pk": 89,
		"fields": {
			"title": "Sample Question 89",
			"topic": 2,
			"content": "Description of sample question 89.",
			"difficulty": "junior",
			"created_at": "2024-10-15T10:21:04.902908",
			"updated_at": "2024-10-15T10:21:04.902909"
		}
	},
	{
		"model": "job_me.question",
		"pk": 90,
		"fields": {
			"title": "Sample Question 90",
			"topic": 3,
			"content": "Description of sample question 90.",
			"difficulty": "pro",
			"created_at": "2024-10-15T10:21:04.902913",
			"updated_at": "2024-10-15T10:21:04.902914"
		}
	},
	{
		"model": "job_me.question",
		"pk": 91,
		"fields": {
			"title": "Sample Question 91",
			"topic": 4,
			"content": "Description of sample question 91.",
			"difficulty": "ninja",
			"created_at": "2024-10-15T10:21:04.902916",
			"updated_at": "2024-10-15T10:21:04.902918"
		}
	},
	{
		"model": "job_me.question",
		"pk": 92,
		"fields": {
			"title": "Sample Question 92",
			"topic": 1,
			"content": "Description of sample question 92.",
			"difficulty": "noob",
			"created_at": "2024-10-15T10:21:04.902920",
			"updated_at": "2024-10-15T10:21:04.902922"
		}
	},
	{
		"model": "job_me.question",
		"pk": 93,
		"fields": {
			"title": "Sample Question 93",
			"topic": 2,
			"content": "Description of sample question 93.",
			"difficulty": "junior",
			"created_at": "2024-10-15T10:21:04.902924",
			"updated_at": "2024-10-15T10:21:04.902926"
		}
	},
	{
		"model": "job_me.question",
		"pk": 94,
		"fields": {
			"title": "Sample Question 94",
			"topic": 3,
			"content": "Description of sample question 94.",
			"difficulty": "pro",
			"created_at": "2024-10-15T10:21:04.902928",
			"updated_at": "2024-10-15T10:21:04.902930"
		}
	},
	{
		"model": "job_me.question",
		"pk": 95,
		"fields": {
			"title": "Sample Question 95",
			"topic": 4,
			"content": "Description of sample question 95.",
			"difficulty": "ninja",
			"created_at": "2024-10-15T10:21:04.902932",
			"updated_at": "2024-10-15T10:21:04.902934"
		}
	},
	{
		"model": "job_me.question",
		"pk": 96,
		"fields": {
			"title": "Sample Question 96",
			"topic": 1,
			"content": "Description of sample question 96.",
			"difficulty": "noob",
			"created_at": "2024-10-15T10:21:04.902936",
			"updated_at": "2024-10-15T10:21:04.902938"
		}
	},
	{
		"model": "job_me.question",
		"pk": 97,
		"fields": {
			"title": "Sample Question 97",
			"topic": 2,
			"content": "Description of sample question 97.",
			"difficulty": "junior",
			"created_at": "2024-10-15T10:21:04.902940",
			"updated_at": "2024-10-15T10:21:04.902942"
		}
	},
	{
		"model": "job_me.question",
		"pk": 98,
		"fields": {
			"title": "Sample Question 98",
			"topic": 3,
			"content": "Description of sample question 98.",
			"difficulty": "pro",
			"created_at": "2024-10-15T10:21:04.902944",
			"updated_at": "2024-10-15T10:21:04.902945"
		}
	},
	{
		"model": "job_me.question",
		"pk": 99,
		"fields": {
			"title": "Sample Question 99",
			"topic": 4,
			"content": "Description of sample question 99.",
			"difficulty": "ninja",
			"created_at": "2024-10-15T10:21:04.902948",
			"updated_at": "2024-10-15T10:21:04.902950"
		}
	},
	{
		"model": "job_me.question",
		"pk": 100,
		"fields": {
			"title": "Sample Question 100",
			"topic": 1,
			"content": "Description of sample question 100.",
			"difficulty": "noob",
			"created_at": "2024-10-15T10:21:04.902954",
			"updated_at": "2024-10-15T10:21:04.902957"
		}
	}
]
